"id","kode_pro","kode_kab","nama_wilayah","tingkat_label","jml_rev_paud","jml_rev_sd","jml_rev_smp","jml_rev_sma","total_jml_rev_sekolah","anggaran_rev_paud","anggaran_rev_sd","anggaran_rev_smp","anggaran_rev_sma","total_anggaran_rev"
1,11,0,"ACEH","provinsi",0,0,0,0,0,"0","0","0","0","0"
2,12,0,"SUMATERA UTARA","provinsi",0,0,0,0,0,"0","0","0","0","0"
3,13,0,"SUMATERA BARAT","provinsi",0,0,0,0,0,"0","0","0","0","0"
4,14,0,"RIAU","provinsi",0,0,0,0,0,"0","0","0","0","0"
5,15,0,"JAMBI","provinsi",0,0,0,0,0,"0","0","0","0","0"
6,16,0,"SUMATERA SELATAN","provinsi",0,0,0,0,0,"0","0","0","0","0"
7,17,0,"BENGKULU","provinsi",0,0,0,0,0,"0","0","0","0","0"
8,18,0,"LAMPUNG","provinsi",0,0,0,0,0,"0","0","0","0","0"
9,19,0,"KEPULAUAN BANGKA BELITUNG","provinsi",0,0,0,0,0,"0","0","0","0","0"
10,21,0,"KEPULAUAN RIAU","provinsi",0,0,0,0,0,"0","0","0","0","0"
11,31,0,"DKI JAKARTA","provinsi",0,0,0,0,0,"0","0","0","0","0"
12,32,0,"JAWA BARAT","provinsi",0,0,0,0,0,"0","0","0","0","0"
13,33,0,"JAWA TENGAH","provinsi",0,0,0,0,0,"0","0","0","0","0"
14,34,0,"DAERAH ISTIMEWA YOGYAKARTA","provinsi",0,0,0,0,0,"0","0","0","0","0"
15,35,0,"JAWA TIMUR","provinsi",0,0,0,0,0,"0","0","0","0","0"
16,36,0,"BANTEN","provinsi",0,0,0,0,0,"0","0","0","0","0"
17,51,0,"BALI","provinsi",0,0,0,0,0,"0","0","0","0","0"
18,52,0,"NUSA TENGGARA BARAT","provinsi",0,0,0,0,0,"0","0","0","0","0"
19,53,0,"NUSA TENGGARA TIMUR","provinsi",0,0,0,0,0,"0","0","0","0","0"
20,61,0,"KALIMANTAN BARAT","provinsi",0,0,0,0,0,"0","0","0","0","0"
21,62,0,"KALIMANTAN TENGAH","provinsi",0,0,0,0,0,"0","0","0","0","0"
22,63,0,"KALIMANTAN SELATAN","provinsi",0,0,0,0,0,"0","0","0","0","0"
23,64,0,"KALIMANTAN TIMUR","provinsi",0,0,0,0,0,"0","0","0","0","0"
24,65,0,"KALIMANTAN UTARA","provinsi",0,0,0,0,0,"0","0","0","0","0"
25,71,0,"SULAWESI UTARA","provinsi",0,0,0,0,0,"0","0","0","0","0"
26,72,0,"SULAWESI TENGAH","provinsi",0,0,0,0,0,"0","0","0","0","0"
27,73,0,"SULAWESI SELATAN","provinsi",0,0,0,0,0,"0","0","0","0","0"
28,74,0,"SULAWESI TENGGARA","provinsi",0,0,0,0,0,"0","0","0","0","0"
29,75,0,"GORONTALO","provinsi",0,0,0,0,0,"0","0","0","0","0"
30,76,0,"SULAWESI BARAT","provinsi",0,0,0,0,0,"0","0","0","0","0"
31,81,0,"MALUKU","provinsi",0,0,0,0,0,"0","0","0","0","0"
32,82,0,"MALUKU UTARA","provinsi",0,0,0,0,0,"0","0","0","0","0"
33,91,0,"PAPUA","provinsi",0,0,0,0,0,"0","0","0","0","0"
34,92,0,"PAPUA BARAT","provinsi",0,0,0,0,0,"0","0","0","0","0"
35,93,0,"PAPUA SELATAN","provinsi",0,0,0,0,0,"0","0","0","0","0"
36,94,0,"PAPUA TENGAH","provinsi",0,0,0,0,0,"0","0","0","0","0"
37,95,0,"PAPUA PEGUNUNGAN","provinsi",0,0,0,0,0,"0","0","0","0","0"
38,96,0,"PAPUA BARAT DAYA","provinsi",0,0,0,0,0,"0","0","0","0","0"
39,11,1101,"ACEH SELATAN","kabupaten",1,7,4,4,12,"17760892","113871688","67722772","62663496","262018848"
40,11,1102,"ACEH TENGGARA","kabupaten",3,10,3,3,16,"44614317","180444640","48907764","44456598","318423319"
41,11,1103,"ACEH TIMUR","kabupaten",1,9,4,3,14,"14058965","162132642","70565880","49026657","295784144"
42,11,1104,"ACEH TENGAH","kabupaten",3,9,3,6,15,"52243602","155205990","44599173","102591702","354640467"
43,11,1105,"ACEH BARAT","kabupaten",1,7,3,6,11,"14155127","98420945","51110544","98428554","262115170"
44,11,1106,"ACEH BESAR","kabupaten",3,8,3,2,14,"46241565","132632808","48235995","34290650","261401018"
45,11,1107,"PIDIE","kabupaten",1,7,6,6,14,"16496342","105112301","105195018","87346614","314150275"
46,11,1108,"ACEH UTARA","kabupaten",3,8,6,2,17,"46096293","137172240","95242212","30130742","308641487"
47,11,1109,"SIMEULUE","kabupaten",2,8,4,4,14,"33630660","117925496","73908112","72423740","297888008"
48,11,1110,"ACEH SINGKIL","kabupaten",2,6,6,3,14,"32485802","96024546","93444822","52992783","274947953"
49,11,1111,"BIREUEN","kabupaten",1,9,6,3,16,"16064979","138420315","94908768","42962418","292356480"
50,11,1112,"ACEH BARAT DAYA","kabupaten",3,6,4,2,13,"52543986","91535754","70760676","32489030","247329446"
51,11,1113,"GAYO LUES","kabupaten",1,10,5,6,16,"14831043","185009150","74254510","112053462","386148165"
52,11,1114,"ACEH JAYA","kabupaten",1,10,5,6,16,"14520656","186613800","77762065","93681492","372578013"
53,11,1115,"NAGAN RAYA","kabupaten",2,10,4,5,16,"36671504","165035250","75402120","81290780","358399654"
54,11,1116,"ACEH TAMIANG","kabupaten",1,8,6,6,15,"18703184","137021408","105955512","101709630","363389734"
55,11,1117,"BENER MERIAH","kabupaten",1,6,6,4,13,"17165257","111946314","88275630","61810144","279197345"
56,11,1118,"PIDIE JAYA","kabupaten",3,8,3,6,14,"47061549","117198408","45403620","89503254","299166831"
57,11,1171,"KOTA BANDA ACEH","kabupaten",1,9,3,2,13,"17049746","165033063","52321542","33309156","267713507"
58,11,1172,"KOTA SABANG","kabupaten",1,7,4,6,12,"14140530","131558987","57856580","84052338","287608435"
59,11,1173,"KOTA LHOKSEUMAWE","kabupaten",3,6,3,2,12,"54683559","95702862","46839888","33660226","230886535"
60,11,1174,"KOTA LANGSA","kabupaten",3,7,5,5,15,"56829000","98378056","70689145","80678510","306574711"
61,11,1175,"KOTA SUBULUSSALAM","kabupaten",2,7,3,6,12,"37528058","102073328","50439186","90800694","280841266"
62,12,1201,"TAPANULI TENGAH","kabupaten",2,10,6,3,18,"32261200","158093990","101029596","46689966","338074752"
63,12,1202,"TAPANULI UTARA","kabupaten",1,7,4,6,12,"18190342","106144423","61375088","100353090","286062943"
64,12,1203,"TAPANULI SELATAN","kabupaten",1,9,4,2,14,"15723693","146380059","72442664","34813752","269360168"
65,12,1204,"NIAS","kabupaten",2,9,3,3,14,"31931042","131691438","50309994","56717826","270650300"
66,12,1205,"LANGKAT","kabupaten",3,6,3,3,12,"51378216","108850320","54149811","45440691","259819038"
67,12,1206,"KARO","kabupaten",2,6,3,2,11,"33272416","103528572","55724901","33487358","226013247"
68,12,1207,"DELI SERDANG","kabupaten",3,7,4,5,14,"49177311","116763444","74273696","81292985","321507436"
69,12,1208,"SIMALUNGUN","kabupaten",1,6,4,6,11,"14447036","98149938","56814404","107225712","276637090"
70,12,1209,"ASAHAN","kabupaten",3,10,6,2,19,"44507601","153636000","97891350","31144460","327179411"
71,12,1210,"LABUHANBATU","kabupaten",2,8,3,5,13,"31269310","149551616","50346075","88803530","319970531"
72,12,1211,"DAIRI","kabupaten",3,9,5,3,17,"47183910","143300385","70893230","44505807","305883332"
73,12,1212,"TOBA","kabupaten",2,6,5,5,13,"37327828","112102902","80986540","88635145","319052415"
74,12,1213,"MANDAILING NATAL","kabupaten",2,9,3,2,14,"35771652","136406052","55869498","36632134","264679336"
75,12,1214,"NIAS SELATAN","kabupaten",2,9,4,3,15,"33648706","150785811","75835304","55032102","315301923"
76,12,1215,"PAKPAK BHARAT","kabupaten",1,9,5,3,15,"16902901","139778676","87447405","54578385","298707367"
77,12,1216,"HUMBANG HASUNDUTAN","kabupaten",3,9,6,2,18,"52600734","163392291","95253642","35937918","347184585"
78,12,1217,"SAMOSIR","kabupaten",1,7,4,2,12,"14035989","105734384","56017552","29669194","205457119"
79,12,1218,"SERDANG BEDAGAI","kabupaten",1,7,6,2,14,"16864884","125930189","107215974","30966222","280977269"
80,12,1219,"BATU BARA","kabupaten",3,10,5,3,18,"47238372","181829510","79377885","56815149","365260916"
81,12,1220,"PADANG LAWAS UTARA","kabupaten",1,6,5,3,12,"14157575","91981152","81281980","42859578","230280285"
82,12,1221,"PADANG LAWAS","kabupaten",2,10,6,5,18,"34239930","154461800","93413976","93680335","375796041"
83,12,1222,"LABUHANBATU SELATAN","kabupaten",2,9,3,5,14,"36310010","137169126","45491064","73454565","292424765"
84,12,1223,"LABUHANBATU UTARA","kabupaten",2,8,3,5,13,"32100144","151256520","44028663","81658460","309043787"
85,12,1224,"NIAS UTARA","kabupaten",2,9,6,5,17,"37150386","148612743","95826636","77274445","358864210"
86,12,1225,"NIAS BARAT","kabupaten",2,6,3,6,11,"28753018","90704262","42352314","112174830","273984424"
87,12,1271,"KOTA MEDAN","kabupaten",3,7,4,6,14,"42082938","117873112","67469952","102459648","329885650"
88,12,1272,"KOTA PEMATANGSIANTAR","kabupaten",1,10,5,2,16,"15835860","146506940","79130885","32792092","274265777"
89,12,1273,"KOTA SIBOLGA","kabupaten",2,6,5,4,13,"30065346","105560388","90398170","73589876","299613780"
90,12,1274,"KOTA TANJUNG BALAI","kabupaten",2,9,6,6,17,"37501840","158878629","95555928","94670322","386606719"
91,12,1275,"KOTA BINJAI","kabupaten",1,9,5,5,15,"16156785","153991548","80938675","88320225","339407233"
92,12,1276,"KOTA TEBING TINGGI","kabupaten",2,8,3,4,13,"28153096","134078560","51499905","75426236","289157797"
93,12,1277,"KOTA PADANG SIDEMPUAN","kabupaten",2,9,5,4,16,"30578498","130008384","74550085","72902076","308039043"
94,12,1278,"KOTA GUNUNGSITOLI","kabupaten",3,6,5,4,14,"49128417","107878500","73765630","65374772","296147319"
95,13,1301,"PESISIR SELATAN","kabupaten",2,9,4,6,15,"29048190","136304298","71542664","100433172","337328324"
96,13,1302,"SOLOK","kabupaten",1,7,4,4,12,"17022488","99188145","66020600","63628232","245859465"
97,13,1303,"SIJUNJUNG","kabupaten",2,8,5,3,15,"36029860","130375872","74297150","56762580","297465462"
98,13,1304,"TANAH DATAR","kabupaten",1,6,4,6,11,"17367497","107893536","65700308","96342750","287304091"
99,13,1305,"PADANG PARIAMAN","kabupaten",2,9,6,5,17,"28120876","148542255","94692888","84710355","356066374"
100,13,1306,"AGAM","kabupaten",1,8,5,5,14,"16208073","140747456","76946585","86067075","319969189"
101,13,1307,"LIMA PULUH KOTA","kabupaten",2,9,5,6,16,"35388858","150550209","77538150","92418384","355895601"
102,13,1308,"PASAMAN","kabupaten",1,7,5,3,13,"14431177","115543316","86719415","44229873","260923781"
103,13,1309,"KEPULAUAN MENTAWAI","kabupaten",3,6,6,5,15,"52888056","90126372","93535470","89817020","326366918"
104,13,1310,"DHARMASRAYA","kabupaten",1,10,6,6,17,"14522603","140185000","95823534","103972512","354503649"
105,13,1311,"SOLOK SELATAN","kabupaten",2,8,6,5,16,"34170068","125705816","102161268","91763675","353800827"
106,13,1312,"PASAMAN BARAT","kabupaten",3,9,3,2,15,"45948753","147794481","56141790","33528592","283413616"
107,13,1371,"KOTA PADANG","kabupaten",3,8,4,6,15,"48160971","113732072","72399648","99823452","334116143"
108,13,1372,"KOTA SOLOK","kabupaten",1,9,6,6,16,"15756968","163981809","103956918","109353708","393049403"
109,13,1373,"KOTA SAWAHLUNTO","kabupaten",3,8,4,5,15,"55110921","148343416","65179212","81660870","350294419"
110,13,1374,"KOTA PADANG PANJANG","kabupaten",3,10,5,2,18,"49709700","185532270","94411470","32743378","362396818"
111,13,1375,"KOTA BUKITTINGGI","kabupaten",2,7,3,4,12,"31326474","107249254","44365731","64588516","247529975"
112,13,1376,"KOTA PAYAKUMBUH","kabupaten",2,10,4,5,16,"33978128","185004070","62432592","77351655","358766445"
113,13,1377,"KOTA PARIAMAN","kabupaten",2,10,5,4,17,"30196570","159859870","79658130","66796680","336511250"
114,14,1401,"KAMPAR","kabupaten",1,8,6,6,15,"16997677","116909264","94069626","90463914","318440481"
115,14,1402,"INDRAGIRI HULU","kabupaten",1,6,6,2,13,"14303481","102544464","100305420","32046430","249199795"
116,14,1403,"BENGKALIS","kabupaten",2,8,6,4,16,"34375328","140889000","101627124","61505156","338396608"
117,14,1404,"INDRAGIRI HILIR","kabupaten",2,7,4,4,13,"28341558","110489918","56364044","69332404","264527924"
118,14,1405,"PELALAWAN","kabupaten",3,6,5,5,14,"49203885","86075988","87212515","86429805","308922193"
119,14,1406,"ROKAN HULU","kabupaten",2,6,6,4,14,"35865784","104092686","107840154","63919392","311718016"
120,14,1407,"ROKAN HILIR","kabupaten",1,8,3,5,12,"18481858","113746664","49738197","88441615","270408334"
121,14,1408,"SIAK","kabupaten",3,8,6,2,17,"44465292","117451816","90050238","37638282","289605628"
122,14,1409,"KUANTAN SINGINGI","kabupaten",2,10,4,4,16,"37814922","140989610","64523652","62795436","306123620"
123,14,1410,"KEPULAUAN MERANTI","kabupaten",2,8,4,4,14,"37733320","151411960","61665272","63197780","314008332"
124,14,1471,"KOTA PEKANBARU","kabupaten",2,6,6,3,14,"30977208","110221632","91711758","46874628","279785226"
125,14,1472,"KOTA DUMAI","kabupaten",1,6,5,3,12,"14749212","102373986","93867660","42136326","253127184"
126,15,1501,"KERINCI","kabupaten",1,10,5,5,16,"14955351","187701590","89714135","72520090","364891166"
127,15,1502,"MERANGIN","kabupaten",1,10,4,4,15,"16737489","142214720","57336368","62865260","279153837"
128,15,1503,"SAROLANGUN","kabupaten",1,9,5,4,15,"14351867","129226176","73273440","66289660","283141143"
129,15,1504,"BATANGHARI","kabupaten",2,7,6,3,15,"33803864","118028407","97253568","54609237","303695076"
130,15,1505,"MUARO JAMBI","kabupaten",2,10,6,2,18,"33070422","158125950","92537346","28934710","312668428"
131,15,1506,"TANJUNG JABUNG BARAT","kabupaten",1,6,6,2,13,"15479891","106632576","95107704","32549492","249769663"
132,15,1507,"TANJUNG JABUNG TIMUR","kabupaten",3,7,4,6,14,"44890572","114310364","59391224","113157618","331749778"
133,15,1508,"BUNGO","kabupaten",2,7,6,4,15,"33756300","126696220","107767482","66756160","334976162"
134,15,1509,"TEBO","kabupaten",2,9,6,3,17,"28031516","129873564","102587196","45564369","306056645"
135,15,1571,"KOTA JAMBI","kabupaten",3,9,6,4,18,"54268587","149762781","99590826","69423496","373045690"
136,15,1572,"KOTA SUNGAI PENUH","kabupaten",1,8,5,2,14,"15491201","139593840","90500895","36049280","281635216"
137,16,1601,"OGAN KOMERING ULU","kabupaten",1,7,6,4,14,"14246259","98558775","103261350","60115276","276181660"
138,16,1602,"OGAN KOMERING ILIR","kabupaten",3,8,5,3,16,"54924987","116803416","76949025","46218075","294895503"
139,16,1603,"MUARA ENIM","kabupaten",2,7,5,4,14,"32968472","110373242","83903115","58148212","285393041"
140,16,1604,"LAHAT","kabupaten",3,9,6,2,18,"55083870","138569076","110091312","35575912","339320170"
141,16,1605,"MUSI RAWAS","kabupaten",1,8,5,2,14,"18345948","118369472","91767015","31704360","260186795"
142,16,1606,"MUSI BANYUASIN","kabupaten",3,8,4,4,15,"48335802","115026040","62518912","63748064","289628818"
143,16,1607,"BANYUASIN","kabupaten",2,9,5,2,16,"35338496","154939824","91499195","36522658","318300173"
144,16,1608,"OGAN KOMERING ULU TIMUR","kabupaten",2,9,4,5,15,"35174662","157522113","56310096","78247900","327254771"
145,16,1609,"OGAN KOMERING ULU SELATAN","kabupaten",2,9,6,5,17,"32327630","149369913","113089494","82277990","377065027"
146,16,1610,"OGAN ILIR","kabupaten",3,10,4,6,17,"53144667","161216130","62028844","94431594","370821235"
147,16,1611,"EMPAT LAWANG","kabupaten",3,10,5,2,18,"46140387","155259330","88853780","29139760","319393257"
148,16,1612,"PENUKAL ABAB LEMATANG ILIR","kabupaten",2,7,4,5,13,"32410706","108724854","56349756","89215220","286700536"
149,16,1613,"MUSI RAWAS UTARA","kabupaten",3,6,5,2,14,"44571627","113094582","93630115","35355798","286652122"
150,16,1671,"KOTA PALEMBANG","kabupaten",2,7,3,6,12,"29690960","116117792","42817599","89761518","278387869"
151,16,1672,"KOTA PAGAR ALAM","kabupaten",2,10,6,4,18,"34815958","170965010","93870426","73564056","373215450"
152,16,1673,"KOTA LUBUK LINGGAU","kabupaten",1,10,3,2,14,"18964663","160469420","55468416","28427076","263329575"
153,16,1674,"KOTA PRABUMULIH","kabupaten",1,10,6,6,17,"17342224","141028420","96757890","107866974","362995508"
154,17,1701,"BENGKULU SELATAN","kabupaten",3,7,3,6,13,"48806559","110085766","44585781","95421048","298899154"
155,17,1702,"REJANG LEBONG","kabupaten",2,7,4,4,13,"30610190","126590821","68874980","64779884","290855875"
156,17,1703,"BENGKULU UTARA","kabupaten",3,8,4,6,15,"54164961","141657896","71985228","107209122","375017207"
157,17,1704,"KAUR","kabupaten",2,6,4,5,12,"32592862","101193846","66731292","85697240","286215240"
158,17,1705,"SELUMA","kabupaten",2,8,3,2,13,"36976924","134375928","46244145","29708588","247305585"
159,17,1706,"MUKO MUKO","kabupaten",1,9,3,3,13,"18756397","143194365","55363434","48957486","266271682"
160,17,1707,"LEBONG","kabupaten",1,10,4,4,15,"16273746","157734270","74219660","63000732","311228408"
161,17,1708,"KEPAHIANG","kabupaten",2,8,6,6,16,"28166640","112417672","96226398","87795996","324606706"
162,17,1709,"BENGKULU TENGAH","kabupaten",2,6,6,4,14,"31300382","98096142","101065596","69015328","299477448"
163,17,1771,"KOTA BENGKULU","kabupaten",3,6,6,4,15,"47833233","98859702","90838530","56459040","293990505"
164,18,1801,"LAMPUNG SELATAN","kabupaten",3,7,5,2,15,"51310842","124255145","87122985","29095400","291784372"
165,18,1802,"LAMPUNG TENGAH","kabupaten",3,9,5,6,17,"45990120","145279305","76194645","90747108","358211178"
166,18,1803,"LAMPUNG UTARA","kabupaten",3,6,5,5,14,"50436972","113503590","78048045","77969200","319957807"
167,18,1804,"LAMPUNG BARAT","kabupaten",2,6,4,4,12,"31899732","102737916","74907548","62402984","271948180"
168,18,1805,"TULANG BAWANG","kabupaten",1,8,6,5,15,"18853338","141908120","93901686","91931360","346594504"
169,18,1806,"TANGGAMUS","kabupaten",2,7,4,2,13,"29125958","102263959","68147464","32120562","231657943"
170,18,1807,"LAMPUNG TIMUR","kabupaten",1,6,4,5,11,"17535885","90303654","60427940","71074225","239341704"
171,18,1808,"WAY KANAN","kabupaten",3,8,4,6,15,"53882232","126632024","70591632","96074658","347180546"
172,18,1809,"PESAWARAN","kabupaten",1,8,6,6,15,"16079991","128076216","96596706","108838374","349591287"
173,18,1810,"PRINGSEWU","kabupaten",1,9,6,2,16,"17607327","133024545","88801038","29520778","268953688"
174,18,1811,"MESUJI","kabupaten",3,10,5,5,18,"55920522","188089300","76114630","88193505","408317957"
175,18,1812,"TULANG BAWANG BARAT","kabupaten",3,8,3,6,14,"52959738","143527992","54725772","111066216","362279718"
176,18,1813,"PESISIR BARAT","kabupaten",1,6,4,3,11,"16058716","108743622","60392448","53230524","238425310"
177,18,1871,"KOTA BANDAR LAMPUNG","kabupaten",3,7,6,4,16,"51246456","104771688","106010940","68122912","330151996"
178,18,1872,"KOTA METRO","kabupaten",3,8,6,4,17,"47102172","122373712","87832140","62334828","319642852"
179,19,1901,"BANGKA","kabupaten",2,10,5,2,17,"29265132","152771610","78969380","31004936","292011058"
180,19,1902,"BELITUNG","kabupaten",3,7,5,4,15,"42762150","124488070","76228845","73177408","316656473"
181,19,1903,"BANGKA SELATAN","kabupaten",2,10,4,4,16,"31072732","142132870","68962476","62529288","304697366"
182,19,1904,"BANGKA TENGAH","kabupaten",2,6,6,5,14,"28831016","89552664","87744954","82171350","288299984"
183,19,1905,"BANGKA BARAT","kabupaten",1,7,5,5,13,"18105688","132871382","83501375","76452535","310930980"
184,19,1906,"BELITUNG TIMUR","kabupaten",1,8,3,4,12,"14529792","115722032","55896945","72085992","258234761"
185,19,1971,"KOTA PANGKAL PINANG","kabupaten",2,9,3,6,14,"32128640","128624868","53271603","104508366","318533477"
186,21,2101,"BINTAN","kabupaten",3,9,5,6,17,"53407146","139241601","90702355","85764348","369115450"
187,21,2102,"KARIMUN","kabupaten",1,7,3,5,11,"18686900","110312671","45867009","85606660","260473240"
188,21,2103,"NATUNA","kabupaten",2,6,5,6,13,"34420340","104567376","78980710","109431192","327399618"
189,21,2104,"LINGGA","kabupaten",3,6,3,5,12,"42245097","94618866","46551684","81189495","264605142"
190,21,2105,"KEPULAUAN ANAMBAS","kabupaten",2,10,3,6,15,"28668288","173752930","43342095","91260258","337023571"
191,21,2171,"KOTA BATAM","kabupaten",1,7,6,4,14,"15233050","125420498","86503932","59105196","286262676"
192,21,2172,"KOTA TANJUNG PINANG","kabupaten",2,7,5,2,14,"29760574","119796271","84649860","35552508","269759213"
193,31,3101,"KEPULAUAN SERIBU","kabupaten",1,6,6,4,13,"14047221","89907570","113079636","70506572","287540999"
194,31,3171,"KOTA JAKARTA PUSAT","kabupaten",2,6,5,6,13,"33963352","85255494","90349195","107524872","317092913"
195,31,3172,"KOTA JAKARTA UTARA","kabupaten",3,8,6,5,17,"55220307","142193768","90879210","82541705","370834990"
196,31,3173,"KOTA JAKARTA BARAT","kabupaten",2,7,6,6,15,"34091880","124869255","97203990","93662634","349827759"
197,31,3174,"KOTA JAKARTA SELATAN","kabupaten",3,8,4,5,15,"56812590","115304216","60534476","74721310","307372592"
198,31,3175,"KOTA JAKARTA TIMUR","kabupaten",1,8,3,5,12,"15908065","151458224","52213494","73622985","293202768"
199,32,3201,"BOGOR","kabupaten",3,8,5,6,16,"52777317","148300736","84661770","95890386","381630209"
200,32,3202,"SUKABUMI","kabupaten",2,7,6,5,15,"35023938","132917750","92662572","73700530","334304790"
201,32,3203,"CIANJUR","kabupaten",3,6,5,4,14,"51002562","85116492","76313450","71267524","283700028"
202,32,3204,"BANDUNG","kabupaten",1,10,5,5,16,"14811049","163456890","73585355","83042310","334895604"
203,32,3205,"GARUT","kabupaten",3,8,3,5,14,"44938140","149554880","42510609","77302955","314306584"
204,32,3206,"TASIKMALAYA","kabupaten",1,10,6,3,17,"15559783","147983210","90270000","54030594","307843587"
205,32,3207,"CIAMIS","kabupaten",2,10,4,5,16,"29897182","172059170","74880972","78567050","355404374"
206,32,3208,"KUNINGAN","kabupaten",3,8,4,2,15,"50118423","126753048","69613848","30167618","276652937"
207,32,3209,"CIREBON","kabupaten",3,8,3,4,14,"56534892","130292536","53226003","74919096","314972527"
208,32,3210,"MAJALENGKA","kabupaten",3,6,5,5,14,"42617445","101810130","91693035","90741430","326862040"
209,32,3211,"SUMEDANG","kabupaten",1,6,6,3,13,"17221214","86305272","85725258","51681396","240933140"
210,32,3212,"INDRAMAYU","kabupaten",3,7,6,3,16,"43044714","104908958","112265316","51432177","311651165"
211,32,3213,"SUBANG","kabupaten",3,6,4,2,13,"48176082","108303084","74915160","36469658","267863984"
212,32,3214,"PURWAKARTA","kabupaten",1,7,3,4,11,"14099334","122139808","49218174","64481184","249938500"
213,32,3215,"KARAWANG","kabupaten",1,10,6,6,17,"17557733","187793630","108122058","109704630","423178051"
214,32,3216,"BEKASI","kabupaten",3,6,4,3,13,"51112191","106828386","69337916","46316091","273594584"
215,32,3217,"BANDUNG BARAT","kabupaten",1,10,3,5,14,"15535289","169939450","53846607","90908715","330230061"
216,32,3218,"PANGANDARAN","kabupaten",3,7,3,5,13,"55716906","114669807","49294569","76135735","295817017"
217,32,3271,"KOTA BOGOR","kabupaten",3,6,5,2,14,"42338478","89161932","74139665","29208960","234849035"
218,32,3272,"KOTA SUKABUMI","kabupaten",3,10,3,2,16,"46082298","176171660","56294148","36758364","315306470"
219,32,3273,"KOTA BANDUNG","kabupaten",1,9,5,5,15,"14379211","128178279","82017880","78760680","303336050"
220,32,3274,"KOTA CIREBON","kabupaten",2,9,3,4,14,"31093860","158045733","48460824","60366328","297966745"
221,32,3275,"KOTA BEKASI","kabupaten",1,8,6,5,15,"18001703","125013864","98726940","79972320","321714827"
222,32,3276,"KOTA DEPOK","kabupaten",1,10,6,2,17,"14780897","149809390","106211628","35409888","306211803"
223,32,3277,"KOTA CIMAHI","kabupaten",2,10,5,6,17,"35877080","144519210","76054850","108659220","365110360"
224,32,3278,"KOTA TASIKMALAYA","kabupaten",1,9,3,4,13,"15245627","132902793","54267003","56968560","259383983"
225,32,3279,"KOTA BANJAR","kabupaten",3,8,6,3,17,"46924956","146382952","101669790","46921983","341899681"
226,33,3301,"CILACAP","kabupaten",3,8,4,3,15,"56264895","151777472","62541968","47230923","317815258"
227,33,3302,"BANYUMAS","kabupaten",3,9,5,2,17,"54266115","158652387","83002320","32662818","328583640"
228,33,3303,"PURBALINGGA","kabupaten",2,7,4,2,13,"36562758","101634099","59521044","34322936","232040837"
229,33,3304,"BANJARNEGARA","kabupaten",2,8,6,6,16,"31060808","118940376","89150496","100461288","339612968"
230,33,3305,"KEBUMEN","kabupaten",3,8,6,3,17,"46326498","146372928","99721416","49890906","342311748"
231,33,3306,"PURWOREJO","kabupaten",2,8,3,2,13,"31052346","120475424","49321806","32923528","233773104"
232,33,3307,"WONOSOBO","kabupaten",1,6,6,3,13,"15076507","113465946","106454070","46354749","281351272"
233,33,3308,"MAGELANG","kabupaten",1,8,3,2,12,"17098046","151844400","45059928","29593080","243595454"
234,33,3309,"BOYOLALI","kabupaten",3,8,6,5,17,"56467635","122808472","113997174","92602015","385875296"
235,33,3310,"KLATEN","kabupaten",3,6,4,5,13,"43441938","105092844","60100272","91865570","300500624"
236,33,3311,"SUKOHARJO","kabupaten",3,10,6,6,19,"52413225","175911980","108423498","113499438","450248141"
237,33,3312,"WONOGIRI","kabupaten",1,7,3,2,11,"16308456","132045795","48055971","34961934","231372156"
238,33,3313,"KARANGANYAR","kabupaten",2,9,5,5,16,"28316388","138618900","78287695","87812095","333035078"
239,33,3314,"SRAGEN","kabupaten",1,7,5,6,13,"15449127","114704870","74695615","107796978","312646590"
240,33,3315,"GROBOGAN","kabupaten",3,6,6,5,15,"55220154","100046982","85287540","76964835","317519511"
241,33,3316,"BLORA","kabupaten",2,6,4,2,12,"30007668","91664340","65858880","33251918","220782806"
242,33,3317,"REMBANG","kabupaten",3,6,3,5,12,"53898495","102690888","44365029","91577735","292532147"
243,33,3318,"PATI","kabupaten",2,7,4,4,13,"34521002","100711520","68008844","65118716","268360082"
244,33,3319,"KUDUS","kabupaten",3,9,4,5,16,"50121246","134824149","66949232","79565020","331459647"
245,33,3320,"JEPARA","kabupaten",2,7,5,4,14,"32564326","115116799","93029795","75793212","316504132"
246,33,3321,"DEMAK","kabupaten",1,7,3,2,11,"18338979","121658040","48592470","34568756","223158245"
247,33,3322,"SEMARANG","kabupaten",1,7,4,2,12,"14366520","131496526","63265648","37174982","246303676"
248,33,3323,"TEMANGGUNG","kabupaten",1,10,5,5,16,"15123578","170855670","74984115","92015210","352978573"
249,33,3324,"KENDAL","kabupaten",2,7,6,6,15,"31523634","103351402","95752956","111909846","342537838"
250,33,3325,"BATANG","kabupaten",3,7,3,3,13,"49417380","111595932","42657714","50289486","253960512"
251,33,3326,"PEKALONGAN","kabupaten",2,6,5,3,13,"30543356","91731342","84994255","47633550","254902503"
252,33,3327,"PEMALANG","kabupaten",2,8,4,6,14,"29638282","151737496","66990340","97036338","345402456"
253,33,3328,"TEGAL","kabupaten",3,7,3,6,13,"45657342","102258926","50270031","104727054","302913353"
254,33,3329,"BREBES","kabupaten",2,9,6,2,17,"31632954","127687320","112710132","31856466","303886872"
255,33,3371,"KOTA MAGELANG","kabupaten",3,6,5,5,14,"50293935","102406866","75305935","83785645","311792381"
256,33,3372,"KOTA SURAKARTA","kabupaten",3,10,5,3,18,"50707731","144208640","91285240","56179599","342381210"
257,33,3373,"KOTA SALATIGA","kabupaten",3,7,5,4,15,"56571495","105556164","77620785","61851904","301600348"
258,33,3374,"KOTA SEMARANG","kabupaten",3,10,3,3,16,"54850725","158375180","56531064","55403520","325160489"
259,33,3375,"KOTA PEKALONGAN","kabupaten",3,6,6,5,15,"43798602","107231664","107205078","92067580","350302924"
260,33,3376,"KOTA TEGAL","kabupaten",3,7,4,2,14,"47645946","112018284","64517120","33996356","258177706"
261,34,3401,"KULON PROGO","kabupaten",2,7,4,6,13,"31748064","103745271","58949952","90405402","284848689"
262,34,3402,"BANTUL","kabupaten",1,9,6,4,16,"18271130","170411166","100087938","59208384","347978618"
263,34,3403,"GUNUNGKIDUL","kabupaten",2,10,5,6,17,"37685722","167138800","87501640","84031548","376357710"
264,34,3404,"SLEMAN","kabupaten",2,10,4,2,16,"34688948","180887760","68292520","34137340","318006568"
265,34,3471,"KOTA YOGYAKARTA","kabupaten",1,9,4,5,14,"16421023","153617796","72936356","88802615","331777790"
266,35,3501,"PACITAN","kabupaten",2,8,5,2,15,"28500286","147607648","88375470","33815312","298298716"
267,35,3502,"PONOROGO","kabupaten",2,9,4,6,15,"31414848","143169993","73185512","100237662","348008015"
268,35,3503,"TRENGGALEK","kabupaten",2,6,3,3,11,"31058902","98673978","55697802","53470293","238900975"
269,35,3504,"TULUNGAGUNG","kabupaten",1,9,3,6,13,"15842825","167544684","51326088","109170048","343883645"
270,35,3505,"BLITAR","kabupaten",1,7,5,5,13,"16441760","110532142","73089770","75400735","275464407"
271,35,3506,"KEDIRI","kabupaten",1,9,6,3,16,"18474508","133800291","100642698","43984113","296901610"
272,35,3507,"MALANG","kabupaten",1,8,3,6,12,"18103994","131835952","43760319","97807860","291508125"
273,35,3508,"LUMAJANG","kabupaten",2,6,6,5,14,"29932546","108707532","98689926","76795000","314125004"
274,35,3509,"JEMBER","kabupaten",1,10,3,3,14,"14229270","165466820","52154130","54770199","286620419"
275,35,3510,"BANYUWANGI","kabupaten",3,6,5,2,14,"50822988","95725938","80745860","31265110","258559896"
276,35,3511,"BONDOWOSO","kabupaten",2,7,6,6,15,"32693184","106791923","105306714","112914888","357706709"
277,35,3512,"SITUBONDO","kabupaten",3,7,6,6,16,"54656751","131231261","105279144","88324422","379491578"
278,35,3513,"PROBOLINGGO","kabupaten",3,6,3,6,12,"43663488","102884004","44103441","88825104","279476037"
279,35,3514,"PASURUAN","kabupaten",2,8,5,5,15,"29326520","113998736","70916690","70968410","285210356"
280,35,3515,"SIDOARJO","kabupaten",2,7,6,5,15,"35103602","127899492","100827474","80985255","344815823"
281,35,3516,"MOJOKERTO","kabupaten",3,8,6,6,17,"44088192","150073064","110857590","110229504","415248350"
282,35,3517,"JOMBANG","kabupaten",2,7,4,6,13,"28552234","121221401","67233400","107815062","324822097"
283,35,3518,"NGANJUK","kabupaten",3,9,3,2,15,"48389436","134509815","45881616","30236588","259017455"
284,35,3519,"MADIUN","kabupaten",2,8,5,3,15,"28040552","122295104","82303845","45814446","278453947"
285,35,3520,"MAGETAN","kabupaten",2,10,6,5,18,"29234646","143540690","103300590","82152065","358227991"
286,35,3521,"NGAWI","kabupaten",2,7,6,4,15,"31767832","131875849","105008676","60898264","329550621"
287,35,3522,"BOJONEGORO","kabupaten",3,9,3,6,15,"56552277","151981749","52265694","104801478","365601198"
288,35,3523,"TUBAN","kabupaten",1,6,5,2,12,"18053524","110399856","81587805","28462994","238504179"
289,35,3524,"LAMONGAN","kabupaten",3,7,3,4,13,"55684914","120263297","50543703","56603428","283095342"
290,35,3525,"GRESIK","kabupaten",3,9,5,2,17,"52530132","149003721","82069200","32981210","316584263"
291,35,3526,"BANGKALAN","kabupaten",1,6,5,5,12,"16825200","92340414","91587350","93067710","293820674"
292,35,3527,"SAMPANG","kabupaten",2,7,3,3,12,"28231384","126474082","54344985","47978571","257029022"
293,35,3528,"PAMEKASAN","kabupaten",2,10,4,3,16,"30618676","172102270","66777032","53807319","323305297"
294,35,3529,"SUMENEP","kabupaten",2,8,4,3,14,"30228566","140447936","70517008","46653015","287846525"
295,35,3571,"KOTA KEDIRI","kabupaten",2,6,5,2,13,"37254758","100603896","94246645","34966584","267071883"
296,35,3572,"KOTA BLITAR","kabupaten",3,6,3,4,12,"44302665","94646658","45094944","69083784","253128051"
297,35,3573,"KOTA MALANG","kabupaten",3,8,3,2,14,"54705882","123026120","50867640","28800930","257400572"
298,35,3574,"KOTA PROBOLINGGO","kabupaten",1,6,3,3,10,"18188866","87129996","54728142","56877078","216924082"
299,35,3575,"KOTA PASURUAN","kabupaten",3,6,6,4,15,"53480625","87656604","99434370","70139380","310710979"
300,35,3576,"KOTA MOJOKERTO","kabupaten",3,8,4,5,15,"46657020","121151440","59712836","74472375","301993671"
301,35,3577,"KOTA MADIUN","kabupaten",1,8,5,3,14,"14913362","116730272","90729435","54540003","276913072"
302,35,3578,"KOTA SURABAYA","kabupaten",3,7,6,6,16,"52782993","107260160","87492654","84260076","331795883"
303,35,3579,"KOTA BATU","kabupaten",1,7,6,4,14,"14530392","119645078","107900658","61707824","303783952"
304,36,3601,"PANDEGLANG","kabupaten",2,6,3,4,11,"37709482","95399424","56060370","75421104","264590380"
305,36,3602,"LEBAK","kabupaten",3,8,6,5,17,"48527547","146477992","97791486","81818180","374615205"
306,36,3603,"TANGERANG","kabupaten",3,7,3,6,13,"42569016","111743345","54519867","95747658","304579886"
307,36,3604,"SERANG","kabupaten",1,8,4,6,13,"17641113","138759976","70929056","103340982","330671127"
308,36,3671,"KOTA TANGERANG","kabupaten",1,10,6,2,17,"14254116","186820530","84381330","36977222","322433198"
309,36,3672,"KOTA CILEGON","kabupaten",3,9,5,5,17,"43417653","150744798","82069830","78215280","354447561"
310,36,3673,"KOTA SERANG","kabupaten",2,6,4,4,12,"37744958","102681750","74383448","68908660","283718816"
311,36,3674,"KOTA TANGERANG SELATAN","kabupaten",1,10,4,5,15,"15117759","185259120","69562296","81854845","351794020"
312,51,5101,"JEMBRANA","kabupaten",1,7,3,6,11,"18514680","116646110","50387067","88581870","274129727"
313,51,5102,"TABANAN","kabupaten",2,9,6,2,17,"31447216","138674205","89690088","34848804","294660313"
314,51,5103,"BADUNG","kabupaten",3,6,6,4,15,"42919914","87643044","87140664","63593696","281297318"
315,51,5104,"GIANYAR","kabupaten",2,10,6,3,18,"34981506","168556090","101876706","50756646","356170948"
316,51,5105,"KLUNGKUNG","kabupaten",3,9,4,6,16,"49390422","144702486","62749060","89662116","346504084"
317,51,5106,"BANGLI","kabupaten",2,9,4,3,15,"33698784","137251917","75848092","45082092","291880885"
318,51,5107,"KARANGASEM","kabupaten",2,7,6,2,15,"32350388","125858551","89683176","37390340","285282455"
319,51,5108,"BULELENG","kabupaten",1,9,3,4,13,"14665879","140659281","51794439","70884796","278004395"
320,51,5171,"KOTA DENPASAR","kabupaten",3,8,3,6,14,"43714059","135147304","44531934","84453204","307846501"
321,52,5201,"LOMBOK BARAT","kabupaten",1,8,6,5,15,"18804927","131484440","96555234","83338565","330183166"
322,52,5202,"LOMBOK TENGAH","kabupaten",1,10,5,5,16,"17773180","163183630","76861955","93621040","351439805"
323,52,5203,"LOMBOK TIMUR","kabupaten",2,9,6,6,17,"29862512","127390419","85442598","98125596","340821125"
324,52,5204,"SUMBAWA","kabupaten",2,9,4,3,15,"29696682","170122077","63851312","44372304","308042375"
325,52,5205,"DOMPU","kabupaten",2,6,5,2,13,"35054482","85170420","91343045","31187626","242755573"
326,52,5206,"BIMA","kabupaten",1,7,5,4,13,"18849275","117328652","84469585","71424400","292071912"
327,52,5207,"SUMBAWA BARAT","kabupaten",1,8,4,3,13,"18244837","139525368","63351692","55518948","276640845"
328,52,5208,"LOMBOK UTARA","kabupaten",2,8,6,6,16,"35670256","131861296","105970284","107630226","381132062"
329,52,5271,"KOTA MATARAM","kabupaten",2,7,5,6,14,"31113774","102985582","89047970","98133870","321281196"
330,52,5272,"KOTA BIMA","kabupaten",1,7,5,5,13,"15962870","126136780","83678670","82614590","308392910"
331,53,5301,"KUPANG","kabupaten",3,8,4,3,15,"49706619","145252024","73123400","55282395","323364438"
332,53,5302,"TIMOR TENGAH SELATAN","kabupaten",1,8,3,3,12,"15595250","138423128","49097958","48433503","251549839"
333,53,5303,"TIMOR TENGAH UTARA","kabupaten",2,7,5,6,14,"34227916","111997984","78552075","91804134","316582109"
334,53,5304,"BELU","kabupaten",3,7,4,5,14,"54698028","120184778","69527820","72634195","317044821"
335,53,5305,"ALOR","kabupaten",1,7,6,3,14,"16330598","119836514","97235322","55155501","288557935"
336,53,5306,"FLORES TIMUR","kabupaten",1,10,5,6,16,"14597598","182364850","70497365","99223272","366683085"
337,53,5307,"SIKKA","kabupaten",1,9,4,4,14,"18515052","140699988","68058712","73453208","300726960"
338,53,5308,"ENDE","kabupaten",3,7,3,5,13,"50927748","102578203","49826991","77520315","280853257"
339,53,5309,"NGADA","kabupaten",3,7,5,3,15,"44732211","131806934","90124990","53161173","319825308"
340,53,5310,"MANGGARAI","kabupaten",2,6,4,6,12,"29056852","89234436","61148280","106228518","285668086"
341,53,5311,"SUMBA TIMUR","kabupaten",1,6,3,4,10,"16781748","90661698","47212689","62020952","216677087"
342,53,5312,"SUMBA BARAT","kabupaten",1,6,6,4,13,"17434664","84902340","107036238","71368256","280741498"
343,53,5313,"LEMBATA","kabupaten",1,8,6,6,15,"17962407","124714712","86349084","87269280","316295483"
344,53,5314,"ROTE NDAO","kabupaten",2,8,4,4,14,"36184684","146480984","64521200","62726868","309913736"
345,53,5315,"MANGGARAI BARAT","kabupaten",1,6,6,5,13,"17771686","100969044","97852452","73288420","289881602"
346,53,5316,"NAGEKEO","kabupaten",3,6,4,6,13,"49927134","89432202","63779312","95577024","298715672"
347,53,5317,"SUMBA TENGAH","kabupaten",3,8,5,2,16,"42433173","116545816","76855865","29909022","265743876"
348,53,5318,"SUMBA BARAT DAYA","kabupaten",1,7,6,5,14,"15505450","126329553","93873174","94013215","329721392"
349,53,5319,"MANGGARAI TIMUR","kabupaten",2,8,5,3,15,"33114366","139885184","82134970","56157978","311292498"
350,53,5320,"SABU RAIJUA","kabupaten",2,7,6,6,15,"33270544","108232040","98839494","103580862","343922940"
351,53,5321,"MALAKA","kabupaten",3,10,5,6,18,"42048300","141650140","84898150","107044356","375640946"
352,53,5371,"KOTA KUPANG","kabupaten",3,7,3,4,13,"56071434","121776928","50161614","67800476","295810452"
353,61,6101,"SAMBAS","kabupaten",3,9,6,3,18,"44566122","169314246","99576090","46007409","359463867"
354,61,6102,"MEMPAWAH","kabupaten",1,6,4,5,11,"16541082","97752372","58496536","94526475","267316465"
355,61,6103,"SANGGAU","kabupaten",1,6,6,2,13,"15130802","87767052","112917864","31594424","247410142"
356,61,6104,"KETAPANG","kabupaten",1,8,4,5,13,"14800269","121185416","74915576","86159990","297061251"
357,61,6105,"SINTANG","kabupaten",2,7,4,4,13,"32068504","132127478","70590460","75175720","309962162"
358,61,6106,"KAPUAS HULU","kabupaten",3,6,6,5,15,"56888298","99227064","96900102","70241545","323257009"
359,61,6107,"BENGKAYANG","kabupaten",2,6,6,4,14,"33215410","98331606","107018574","68772592","307338182"
360,61,6108,"LANDAK","kabupaten",3,7,6,3,16,"42876420","127609867","90275430","54072048","314833765"
361,61,6109,"SEKADAU","kabupaten",1,8,3,3,12,"14164793","115836392","52649811","45216318","227867314"
362,61,6110,"MELAWI","kabupaten",1,7,3,2,11,"18659577","121963471","42393654","36800072","219816774"
363,61,6111,"KAYONG UTARA","kabupaten",1,9,3,5,13,"16877874","156699846","53803794","73960025","301341539"
364,61,6112,"KUBU RAYA","kabupaten",2,10,6,2,18,"34567634","181019600","100516632","34511558","350615424"
365,61,6171,"KOTA PONTIANAK","kabupaten",3,7,6,5,16,"45460131","126487249","85196610","93630750","350774740"
366,61,6172,"KOTA SINGKAWANG","kabupaten",1,10,3,2,14,"18466893","182146140","46428102","35428456","282469591"
367,62,6201,"KOTAWARINGIN BARAT","kabupaten",3,7,4,6,14,"46619133","132767411","64747000","86149476","330283020"
368,62,6202,"KOTAWARINGIN TIMUR","kabupaten",1,9,4,6,14,"16735637","129341943","73185152","88655400","307918132"
369,62,6203,"KAPUAS","kabupaten",2,6,6,4,14,"28733426","95705856","86420166","69124860","279984308"
370,62,6204,"BARITO SELATAN","kabupaten",1,9,5,2,15,"15840452","143306910","92347430","36508296","288003088"
371,62,6205,"BARITO UTARA","kabupaten",3,8,3,2,14,"42739341","123181640","47421000","37137296","250479277"
372,62,6206,"KATINGAN","kabupaten",3,6,5,4,14,"52232181","93419166","93731795","72890820","312273962"
373,62,6207,"SERUYAN","kabupaten",2,10,6,3,18,"34940972","162991000","98505180","55923468","352360620"
374,62,6208,"SUKAMARA","kabupaten",2,8,3,2,13,"34383772","134728208","51743601","28884544","249740125"
375,62,6209,"LAMANDAU","kabupaten",2,6,3,3,11,"30631940","95720502","49315341","42000750","217668533"
376,62,6210,"GUNUNG MAS","kabupaten",2,9,4,5,15,"29040668","129661092","70610456","92259220","321571436"
377,62,6211,"PULANG PISAU","kabupaten",1,6,4,4,11,"17097328","98685768","71459284","66585216","253827596"
378,62,6212,"MURUNG RAYA","kabupaten",2,6,4,6,12,"35084688","102878892","62691900","86034774","286690254"
379,62,6213,"BARITO TIMUR","kabupaten",1,8,6,2,15,"17102039","145528392","89055972","37366624","289053027"
380,62,6271,"KOTA PALANGKARAYA","kabupaten",3,9,5,5,17,"48923127","149052942","71392895","76737700","346106664"
381,63,6301,"TANAH LAUT","kabupaten",3,9,5,5,17,"53624043","128184327","85034225","73734795","340577390"
382,63,6302,"KOTABARU","kabupaten",2,8,5,6,15,"34631800","131256944","72479700","103993086","342361530"
383,63,6303,"BANJAR","kabupaten",3,7,4,5,14,"53199837","132067936","61888256","88898855","336054884"
384,63,6304,"BARITO KUALA","kabupaten",2,7,3,3,12,"28947058","111828451","56860074","42087369","239722952"
385,63,6305,"TAPIN","kabupaten",1,6,3,6,10,"16383790","103509762","48821364","89604468","258319384"
386,63,6306,"HULU SUNGAI SELATAN","kabupaten",1,8,6,3,15,"17871337","145475672","97745346","47134854","308227209"
387,63,6307,"HULU SUNGAI TENGAH","kabupaten",3,10,3,3,16,"43683543","153399170","46200729","47423556","290706998"
388,63,6308,"HULU SUNGAI UTARA","kabupaten",2,6,5,5,13,"28983750","111051744","73025000","89162670","302223164"
389,63,6309,"TABALONG","kabupaten",2,8,4,5,14,"29230224","142230864","69273668","83161800","323896556"
390,63,6310,"TANAH BUMBU","kabupaten",1,10,3,5,14,"14057333","143821690","51038577","70695360","279612960"
391,63,6311,"BALANGAN","kabupaten",1,10,4,6,15,"14936944","168058710","62847444","113174616","359017714"
392,63,6371,"KOTA BANJARMASIN","kabupaten",2,9,5,6,16,"31907540","145023516","75866605","109178112","361975773"
393,63,6372,"KOTA BANJARBARU","kabupaten",1,8,5,4,14,"16696515","150469072","85643300","59644064","312452951"
394,64,6401,"PASER","kabupaten",2,9,3,6,14,"28087362","133058358","44201772","89070246","294417738"
395,64,6402,"KUTAI KARTANEGARA","kabupaten",2,8,5,4,15,"33577746","133995392","82602685","70328516","320504339"
396,64,6403,"BERAU","kabupaten",3,6,5,4,14,"42804402","107268702","81922690","63613548","295609342"
397,64,6407,"KUTAI BARAT","kabupaten",1,6,6,4,13,"18819017","107141934","86043714","65240220","277244885"
398,64,6408,"KUTAI TIMUR","kabupaten",3,10,6,2,19,"53155515","154934980","98819490","37886970","344796955"
399,64,6409,"PENAJAM PASER UTARA","kabupaten",1,8,5,3,14,"14370112","139947896","92475165","42197490","288990663"
400,64,6411,"MAHAKAM ULU","kabupaten",2,10,5,5,17,"36375368","140300430","91780770","74624125","343080693"
401,64,6471,"KOTA BALIKPAPAN","kabupaten",2,7,4,3,13,"37627512","107863742","71057980","45732399","262281633"
402,64,6472,"KOTA SAMARINDA","kabupaten",3,8,4,2,15,"48619824","143680720","60244304","31703452","284248300"
403,64,6474,"KOTA BONTANG","kabupaten",2,6,3,2,11,"36902902","94419462","45304014","30899762","207526140"
404,65,6501,"BULUNGAN","kabupaten",2,8,3,3,13,"32109856","130828808","53655279","56797530","273391473"
405,65,6502,"MALINAU","kabupaten",2,10,4,6,16,"32648170","162036670","69768984","93565638","358019462"
406,65,6503,"NUNUKAN","kabupaten",3,10,6,3,19,"52371831","161139660","89209026","54278310","356998827"
407,65,6504,"TANA TIDUNG","kabupaten",3,10,5,5,18,"54258888","163160780","82455700","89149585","389024953"
408,65,6571,"KOTA TARAKAN","kabupaten",1,8,3,4,12,"14447140","115352936","53292402","73369744","256462222"
409,71,7101,"BOLAANG MONGONDOW","kabupaten",1,8,6,2,15,"14438744","117242664","89740626","36124438","257546472"
410,71,7102,"MINAHASA","kabupaten",2,6,4,5,12,"36436492","106805988","57966732","87459670","288668882"
411,71,7103,"KEPULAUAN SANGIHE","kabupaten",3,8,5,6,16,"43748658","149809056","93597005","98432388","385587107"
412,71,7104,"KEPULAUAN TALAUD","kabupaten",2,6,4,5,12,"29089162","111591180","73967800","74566270","289214412"
413,71,7105,"MINAHASA SELATAN","kabupaten",1,7,4,6,12,"15270945","125366248","60456180","113027178","314120551"
414,71,7106,"MINAHASA UTARA","kabupaten",1,7,5,2,13,"18352470","118257293","80094935","29083656","245788354"
415,71,7107,"MINAHASA TENGGARA","kabupaten",3,10,4,4,17,"46484727","147837160","68704716","58240976","321267579"
416,71,7108,"BOLAANG MONGONDOW UTARA","kabupaten",3,7,4,4,14,"45762912","112223146","67201764","62991464","288179286"
417,71,7109,"KEP. SIAU TAGULANDANG BIARO","kabupaten",1,9,5,3,15,"18673231","156454209","94715295","46452777","316295512"
418,71,7110,"BOLAANG MONGONDOW TIMUR","kabupaten",1,6,3,5,10,"18806184","86262240","56035866","80065090","241169380"
419,71,7111,"BOLAANG MONGONDOW SELATAN","kabupaten",3,6,3,2,12,"55660545","105598056","50607399","35017048","246883048"
420,71,7171,"KOTA MANADO","kabupaten",3,10,3,4,16,"56598222","172457840","51440496","65442840","345939398"
421,71,7172,"KOTA BITUNG","kabupaten",2,6,4,2,12,"35073074","97533870","67549072","32999656","233155672"
422,71,7173,"KOTA TOMOHON","kabupaten",2,8,5,6,15,"34717076","147303824","83782710","100726314","366529924"
423,71,7174,"KOTA KOTAMOBAGU","kabupaten",1,6,3,4,10,"17575482","88911030","43278669","63141660","212906841"
424,72,7201,"BANGGAI","kabupaten",3,7,6,6,16,"53075835","128335865","90406020","111107190","382924910"
425,72,7202,"POSO","kabupaten",2,9,3,3,14,"36987186","134995905","49815480","45396930","267195501"
426,72,7203,"DONGGALA","kabupaten",2,9,5,3,16,"31220066","137245194","82891935","48303405","299660600"
427,72,7204,"TOLI TOLI","kabupaten",1,10,4,6,15,"15200065","159687410","72507268","104554578","351949321"
428,72,7205,"BUOL","kabupaten",2,10,5,6,17,"32878896","169410210","93259040","97231944","392780090"
429,72,7206,"MOROWALI","kabupaten",3,7,5,5,15,"46998354","106436883","89854520","84077550","327367307"
430,72,7207,"BANGGAI KEPULAUAN","kabupaten",2,7,4,3,13,"34467614","101254209","63169868","45757098","244648789"
431,72,7208,"PARIGI MOUTONG","kabupaten",2,7,5,3,14,"34070420","106487780","70872695","53709603","265140498"
432,72,7209,"TOJO UNA UNA","kabupaten",1,10,6,2,17,"15183193","165082350","97309830","28527268","306102641"
433,72,7210,"SIGI","kabupaten",2,7,3,2,12,"32079540","125817825","47570433","36330504","241798302"
434,72,7211,"BANGGAI LAUT","kabupaten",1,9,6,4,16,"17152271","166959675","96075984","68416000","348603930"
435,72,7212,"MOROWALI UTARA","kabupaten",2,6,5,5,13,"32467718","91868478","75031865","87138775","286506836"
436,72,7271,"KOTA PALU","kabupaten",3,9,3,2,15,"42024006","138653325","56181150","36343814","273202295"
437,73,7301,"KEPULAUAN SELAYAR","kabupaten",2,8,5,5,15,"33038110","131693152","73536790","76260880","314528932"
438,73,7302,"BULUKUMBA","kabupaten",1,9,5,5,15,"14035598","164469231","74256070","91985915","344746814"
439,73,7303,"BANTAENG","kabupaten",2,10,5,5,17,"35177480","158681840","73673755","80472980","348006055"
440,73,7304,"JENEPONTO","kabupaten",2,10,5,5,17,"32657754","168778840","87813370","85829345","375079309"
441,73,7305,"TAKALAR","kabupaten",3,8,4,3,15,"52278738","140357000","61061572","51916125","305613435"
442,73,7306,"GOWA","kabupaten",3,10,4,4,17,"50421003","141294350","61882708","66804928","320402989"
443,73,7307,"SINJAI","kabupaten",2,10,4,2,16,"34750794","173513680","67776512","29817368","305858354"
444,73,7308,"BONE","kabupaten",3,7,4,5,14,"46856028","113531586","65579528","72365355","298332497"
445,73,7309,"MAROS","kabupaten",3,6,5,3,14,"45834873","100536282","71074260","43582941","261028356"
446,73,7310,"PANGKAJENE KEPULAUAN","kabupaten",3,6,5,6,14,"52852809","106388676","94809115","91101930","345152530"
447,73,7311,"BARRU","kabupaten",1,7,6,2,14,"16269781","115273459","108327762","34010710","273881712"
448,73,7312,"SOPPENG","kabupaten",2,6,6,3,14,"35776008","88750914","94555404","51708579","270790905"
449,73,7313,"WAJO","kabupaten",2,7,4,6,13,"36263634","99162560","61094300","113959146","310479640"
450,73,7314,"SIDENRENG RAPPANG","kabupaten",2,6,6,4,14,"35423082","88361364","101010732","71906400","296701578"
451,73,7315,"PINRANG","kabupaten",3,7,4,2,14,"56217309","105871367","74000000","31307390","267396066"
452,73,7316,"ENREKANG","kabupaten",2,9,3,5,14,"33128954","150905439","56322672","82376875","322733940"
453,73,7317,"LUWU","kabupaten",2,9,6,6,17,"34096242","148604301","91626600","101586672","375913815"
454,73,7318,"TANA TORAJA","kabupaten",1,7,4,6,12,"14454153","127568406","66650944","100439364","309112867"
455,73,7322,"LUWU UTARA","kabupaten",3,9,4,4,16,"43844445","145814373","67188492","60350724","317198034"
456,73,7324,"LUWU TIMUR","kabupaten",1,6,5,4,12,"15903437","84607080","89680885","58160988","248352390"
457,73,7326,"TORAJA UTARA","kabupaten",1,9,5,5,15,"18374265","127118799","80493480","79607150","305593694"
458,73,7371,"KOTA MAKASSAR","kabupaten",2,7,5,2,14,"30239748","127990856","88144380","28200412","274575396"
459,73,7372,"KOTA PARE PARE","kabupaten",3,7,4,3,14,"49458948","114719626","72718344","51675066","288571984"
460,73,7373,"KOTA PALOPO","kabupaten",2,10,4,3,16,"37101202","177876270","58369196","52893384","326240052"
461,74,7401,"KOLAKA","kabupaten",2,7,3,6,12,"37916694","116800061","42860169","106272120","303849044"
462,74,7402,"KONAWE","kabupaten",2,10,6,2,18,"35883228","158703510","104873574","31503594","330963906"
463,74,7403,"MUNA","kabupaten",1,6,5,4,12,"18517478","97860222","91144860","69768540","277291100"
464,74,7404,"BUTON","kabupaten",1,8,6,4,15,"18786073","129117472","101124102","64781732","313809379"
465,74,7405,"KONAWE SELATAN","kabupaten",1,6,6,3,13,"15823185","92286828","99929454","46476039","254515506"
466,74,7406,"BOMBANA","kabupaten",3,7,5,6,15,"48263730","131405673","86496620","89915556","356081579"
467,74,7407,"WAKATOBI","kabupaten",1,6,5,3,12,"15919719","95303010","70976300","56394384","238593413"
468,74,7408,"KOLAKA UTARA","kabupaten",1,6,5,5,12,"14192457","104868516","90890540","83377855","293329368"
469,74,7409,"KONAWE UTARA","kabupaten",2,8,5,4,15,"29863590","148538280","84921415","62116368","325439653"
470,74,7410,"BUTON UTARA","kabupaten",1,6,3,2,10,"17199638","99036594","52681794","36089384","205007410"
471,74,7411,"KOLAKA TIMUR","kabupaten",3,10,5,2,18,"53621577","159092210","78137195","33835008","324685990"
472,74,7412,"KONAWE KEPULAUAN","kabupaten",2,9,5,3,16,"36119118","141983856","80680670","48233628","307017272"
473,74,7413,"MUNA BARAT","kabupaten",2,6,3,4,11,"36641028","108860220","55910178","62786220","264197646"
474,74,7414,"BUTON TENGAH","kabupaten",1,10,4,3,15,"17691595","141503670","75338036","45062427","279595728"
475,74,7415,"BUTON SELATAN","kabupaten",3,10,6,4,19,"53057913","179705800","92929692","74370928","400064333"
476,74,7471,"KOTA KENDARI","kabupaten",2,7,6,5,15,"32414124","98340760","111117642","94931490","336804016"
477,74,7472,"KOTA BAU BAU","kabupaten",1,8,4,3,13,"17784380","143906968","75560244","45284196","282535788"
478,75,7501,"GORONTALO","kabupaten",1,10,5,6,16,"16790950","187335990","76665480","112454244","393246664"
479,75,7502,"BOALEMO","kabupaten",3,10,5,2,18,"44761002","181500400","71627860","33055088","330944350"
480,75,7503,"BONE BOLANGO","kabupaten",1,6,5,3,12,"18349023","108405666","76171740","56051694","258978123"
481,75,7504,"POHUWATO","kabupaten",1,8,5,4,14,"15785373","138224280","88426320","62038792","304474765"
482,75,7505,"GORONTALO UTARA","kabupaten",1,9,3,4,13,"18891145","167854491","47871051","59035588","293652275"
483,75,7571,"KOTA GORONTALO","kabupaten",2,7,6,5,15,"35075498","100088422","93522702","94902335","323588957"
484,76,7601,"PASANGKAYU","kabupaten",2,8,5,5,15,"28908606","140951304","92375100","90437745","352672755"
485,76,7602,"MAMUJU","kabupaten",2,10,6,2,18,"30404080","150081640","96987804","30735990","308209514"
486,76,7603,"MAMASA","kabupaten",2,10,4,5,16,"34701376","165587420","73128544","86620300","360037640"
487,76,7604,"POLEWALI MANDAR","kabupaten",2,10,4,6,16,"32857810","166868640","69288092","105585006","374599548"
488,76,7605,"MAJENE","kabupaten",3,8,6,5,17,"56101857","129930768","89172978","90110220","365315823"
489,76,7606,"MAMUJU TENGAH","kabupaten",2,8,6,5,16,"28032100","125472848","84419310","81256915","319181173"
490,81,8101,"MALUKU TENGAH","kabupaten",1,9,4,6,14,"14515547","149006889","57608648","94895034","316026118"
491,81,8102,"MALUKU TENGGARA","kabupaten",1,6,6,2,13,"14890247","107593038","87356568","29323654","239163507"
492,81,8103,"KEPULAUAN TANIMBAR","kabupaten",1,9,4,2,14,"18031835","128252268","56372088","31159016","233815207"
493,81,8104,"BURU","kabupaten",3,9,3,4,15,"54299886","152104266","43235031","74783788","324422971"
494,81,8105,"SERAM BAGIAN TIMUR","kabupaten",1,10,6,5,17,"14997559","143461430","84784104","86599065","329842158"
495,81,8106,"SERAM BAGIAN BARAT","kabupaten",3,6,3,2,12,"42682260","112862592","54532929","37236346","247314127"
496,81,8107,"KEPULAUAN ARU","kabupaten",2,10,3,3,15,"33379556","189711800","44413224","49934865","317439445"
497,81,8108,"MALUKU BARAT DAYA","kabupaten",2,7,4,6,13,"32746072","116223688","56345368","109763028","315078156"
498,81,8109,"BURU SELATAN","kabupaten",1,10,6,3,17,"16350763","140007900","103985646","45548790","305893099"
499,81,8171,"KOTA AMBON","kabupaten",1,7,6,3,14,"18665198","101123253","110758524","56277384","286824359"
500,81,8172,"KOTA TUAL","kabupaten",2,7,3,4,12,"34328574","106140230","49471698","59224208","249164710"
501,82,8201,"HALMAHERA BARAT","kabupaten",2,7,3,6,12,"29905272","112670936","48379827","110417784","301373819"
502,82,8202,"HALMAHERA TENGAH","kabupaten",3,8,3,3,14,"48759063","146522576","52862766","53695497","301839902"
503,82,8203,"HALMAHERA UTARA","kabupaten",3,10,6,5,19,"44853096","172984280","110047008","70871135","398755519"
504,82,8204,"HALMAHERA SELATAN","kabupaten",2,9,4,6,15,"34548254","147007224","61855368","88019352","331430198"
505,82,8205,"KEPULAUAN SULA","kabupaten",3,7,3,4,13,"56173152","104125763","50090265","71667652","282056832"
506,82,8206,"HALMAHERA TIMUR","kabupaten",3,7,6,5,16,"43310862","99074458","108154680","70949815","321489815"
507,82,8207,"PULAU MOROTAI","kabupaten",1,7,5,5,13,"17989930","100368254","77987510","86804975","283150669"
508,82,8208,"PULAU TALIABU","kabupaten",3,7,6,5,16,"43186191","123484382","88432086","76869250","331971909"
509,82,8271,"KOTA TERNATE","kabupaten",2,8,6,4,16,"32538752","124727304","95189556","67777508","320233120"
510,82,8272,"KOTA TIDORE KEPULAUAN","kabupaten",2,10,3,4,15,"29491200","157527530","49685250","72441664","309145644"
511,91,9103,"JAYAPURA","kabupaten",2,7,6,4,15,"29619776","119126840","108689628","58355452","315791696"
512,91,9105,"KEPULAUAN YAPEN","kabupaten",2,8,5,3,15,"32365008","113926232","90339680","48439737","285070657"
513,91,9106,"BIAK NUMFOR","kabupaten",3,6,6,5,15,"45642936","109806594","106020744","74272205","335742479"
514,91,9110,"SARMI","kabupaten",3,9,6,5,18,"43144638","137514465","101157078","87689655","369505836"
515,91,9111,"KEEROM","kabupaten",3,7,5,6,15,"44315913","113475383","81969200","94522872","334283368"
516,91,9115,"WAROPEN","kabupaten",3,7,4,3,14,"49463751","124950035","62298480","49997766","286710032"
517,91,9119,"SUPIORI","kabupaten",1,10,3,5,14,"15501909","162775830","42731811","88529615","309539165"
518,91,9120,"MAMBERAMO RAYA","kabupaten",2,10,5,4,17,"32262688","144704980","82443625","58778832","318190125"
519,91,9171,"KOTA JAYAPURA","kabupaten",1,9,4,4,14,"16286336","143644815","62882396","66896188","289709735"
520,92,9202,"MANOKWARI","kabupaten",3,9,5,3,17,"43199163","132526836","84667050","54026190","314419239"
521,92,9203,"FAK FAK","kabupaten",1,6,5,3,12,"16807322","106640496","83107390","46200615","252755823"
522,92,9206,"TELUK BINTUNI","kabupaten",2,6,4,3,12,"32338842","111755124","58799836","42143274","245037076"
523,92,9207,"TELUK WONDAMA","kabupaten",1,10,6,6,17,"15737405","187409250","102774996","97918386","403840037"
524,92,9208,"KAIMANA","kabupaten",3,7,5,2,15,"44035776","119479073","85283605","29008534","277806988"
525,92,9211,"MANOKWARI SELATAN","kabupaten",2,6,6,3,14,"32901386","108283110","99750702","52157694","293092892"
526,92,9212,"PEGUNUNGAN ARFAK","kabupaten",1,9,3,5,13,"15882130","148350042","53586975","80788270","298607417"
527,93,9301,"MERAUKE","kabupaten",2,6,4,2,12,"28753720","91464708","74908772","32930016","228057216"
528,93,9302,"BOVEN DIGOEL","kabupaten",1,8,3,3,12,"16723343","148236672","51345849","48122484","264428348"
529,93,9303,"MAPPI","kabupaten",1,7,6,2,14,"15628832","116567955","110668710","32760742","275626239"
530,93,9304,"ASMAT","kabupaten",1,10,4,3,15,"18414558","180738460","66687652","42910425","308751095"
531,94,9401,"NABIRE","kabupaten",2,6,6,3,14,"30402690","96680712","98159202","56340717","281583321"
532,94,9402,"PUNCAK JAYA","kabupaten",3,6,3,2,12,"56325012","112836198","42468072","34707292","246336574"
533,94,9403,"PANIAI","kabupaten",3,7,4,6,14,"49750140","132823432","65511524","101210928","349296024"
534,94,9404,"MIMIKA","kabupaten",3,7,6,6,16,"52485378","100341955","107534796","90481044","350843173"
535,94,9405,"PUNCAK","kabupaten",1,7,5,4,13,"15255250","99733578","85497480","75247536","275733844"
536,94,9406,"DOGIYAI","kabupaten",3,8,5,3,16,"52578030","112034968","72669705","53873172","291155875"
537,94,9407,"INTAN JAYA","kabupaten",1,7,5,3,13,"15397003","128024211","85896195","45272940","274590349"
538,94,9408,"DEIYAI","kabupaten",2,7,5,4,14,"32627038","100351923","88448350","66975808","288403119"
539,95,9501,"JAYAWIJAYA","kabupaten",2,7,3,2,12,"37878442","101753120","42173937","30741706","212547205"
540,95,9502,"KAB PEGUNUNGAN BINTANG","kabupaten",3,7,5,2,15,"49878108","127119552","94917545","32587990","304503195"
541,95,9503,"YAHUKIMO","kabupaten",3,7,3,2,13,"53943333","119564347","56261109","32756124","262524913"
542,95,9504,"TOLIKARA","kabupaten",3,8,3,4,14,"50050209","143625104","42334182","66976020","302985515"
543,95,9505,"MAMBERAMO TENGAH","kabupaten",1,10,6,3,17,"14887602","159838530","111437136","48439749","334603017"
544,95,9506,"YALIMO","kabupaten",3,10,6,5,19,"45832653","180180160","109720806","73664735","409398354"
545,95,9507,"LANNY JAYA","kabupaten",3,6,5,5,14,"55768356","111105828","73094455","80979370","320948009"
546,95,9508,"NDUGA","kabupaten",3,8,4,2,15,"53944908","118867120","71188828","28544002","272544858"
547,96,9601,"SORONG","kabupaten",2,7,3,3,12,"36541990","100142035","52175766","43302954","232162745"
548,96,9602,"SORONG SELATAN","kabupaten",3,10,6,2,19,"49218516","164635170","98682684","36233642","348770012"
549,96,9603,"RAJA AMPAT","kabupaten",3,10,3,6,16,"53366421","147389030","49042308","105475740","355273499"
550,96,9604,"TAMBRAUW","kabupaten",2,7,3,2,12,"32116326","131052026","50427399","37341090","250936841"
551,96,9605,"MAYBRAT","kabupaten",1,7,3,5,11,"16329436","118752984","43267056","83491810","261841286"
552,96,9671,"KOTA SORONG","kabupaten",2,9,5,4,16,"34279558","135206712","79828895","66113132","315428297"
